
B&H Photo Video
/All/Photography/B&H_Photo_Video/B&H_Photo_Video.txt

Ben Brown
/All/Photography/Ben_Brown/Ben_Brown.txt

CaseyNeistat
/All/Photography/CaseyNeistat/CaseyNeistat.txt

COOPH
/All/Photography/COOPH/COOPH.txt

DigitalRev TV
/All/Photography/DigitalRev_TV/DigitalRev_TV.txt

Fstoppers
/All/Photography/Fstoppers/Fstoppers.txt

Irene Rudnyk
/All/Photography/Irene_Rudnyk/Irene_Rudnyk.txt

Jared Polin
/All/Photography/Jared_Polin/Jared_Polin.txt

Jessica Kobeissi
/All/Photography/Jessica_Kobeissi/Jessica_Kobeissi.txt

Kai W
/All/Photography/Kai_W/Kai_W.txt

Mango Street
/All/Photography/Mango_Street/Mango_Street.txt

Peter McKinnon
/All/Photography/Peter_McKinnon/Peter_McKinnon.txt

PHLEARN
/All/Photography/PHLEARN/PHLEARN.txt

PiXimperfect
/All/Photography/PiXimperfect/PiXimperfect.txt

Sean Tucker
/All/Photography/Sean_Tucker/Sean_Tucker.txt

Tony & Chelsea Northrup
/All/Photography/Tony_&_Chelsea_Northrup/Tony_&_Chelsea_Northrup.txt
Photography