
Adam Ferrara
/All/Stand-Up/Adam_Ferrara/Adam_Ferrara.txt

Adele Givens
/All/Stand-Up/Adele_Givens/Adele_Givens.txt

Al Madrigal
/All/Stand-Up/Al_Madrigal/Al_Madrigal.txt

Alonzo Bodden
/All/Stand-Up/Alonzo_Bodden/Alonzo_Bodden.txt

Andrew Kennedy
/All/Stand-Up/Andrew_Kennedy/Andrew_Kennedy.txt

Andy Kindler
/All/Stand-Up/Andy_Kindler/Andy_Kindler.txt

Ardal O'Hanlon
/All/Stand-Up/Ardal_O'Hanlon/Ardal_O'Hanlon.txt

Aries Spears
/All/Stand-Up/Aries_Spears/Aries_Spears.txt

Arj Barker
/All/Stand-Up/Arj_Barker/Arj_Barker.txt

Arnez J
/All/Stand-Up/Arnez_J/Arnez_J.txt

Becky Pedigo
/All/Stand-Up/Becky_Pedigo/Becky_Pedigo.txt

Ben Bailey
/All/Stand-Up/Ben_Bailey/Ben_Bailey.txt

Bil Dwyer
/All/Stand-Up/Bil_Dwyer/Bil_Dwyer.txt

Bill Burr
/All/Stand-Up/Bill_Burr/Bill_Burr.txt

Bill Santiago
/All/Stand-Up/Bill_Santiago/Bill_Santiago.txt

Bob Marley
/All/Stand-Up/Bob_Marley/Bob_Marley.txt

Bob Oschack
/All/Stand-Up/Bob_Oschack/Bob_Oschack.txt

Brian Kiley
/All/Stand-Up/Brian_Kiley/Brian_Kiley.txt

Brian Posehn
/All/Stand-Up/Brian_Posehn/Brian_Posehn.txt

Brian Regan
/All/Stand-Up/Brian_Regan/Brian_Regan.txt

Bruce Bruce
/All/Stand-Up/Bruce_Bruce/Bruce_Bruce.txt

Carlos Alazraqui
/All/Stand-Up/Carlos_Alazraqui/Carlos_Alazraqui.txt

Carlos Mencia
/All/Stand-Up/Carlos_Mencia/Carlos_Mencia.txt

Carol Leifer
/All/Stand-Up/Carol_Leifer/Carol_Leifer.txt

Charlie Viracola
/All/Stand-Up/Charlie_Viracola/Charlie_Viracola.txt

Chelsea Handler
/All/Stand-Up/Chelsea_Handler/Chelsea_Handler.txt

Christian Finnegan
/All/Stand-Up/Christian_Finnegan/Christian_Finnegan.txt

Clinton Jackson
/All/Stand-Up/Clinton_Jackson/Clinton_Jackson.txt

Corey Holcomb
/All/Stand-Up/Corey_Holcomb/Corey_Holcomb.txt

Cory Kahaney
/All/Stand-Up/Cory_Kahaney/Cory_Kahaney.txt

Craig Shoemaker
/All/Stand-Up/Craig_Shoemaker/Craig_Shoemaker.txt

Dan Cummins
/All/Stand-Up/Dan_Cummins/Dan_Cummins.txt

Dan Naturman
/All/Stand-Up/Dan_Naturman/Dan_Naturman.txt

Dane Cook
/All/Stand-Up/Dane_Cook/Dane_Cook.txt

Daniel Tosh
/All/Stand-Up/Daniel_Tosh/Daniel_Tosh.txt

Darrell Hammond
/All/Stand-Up/Darrell_Hammond/Darrell_Hammond.txt

Dat Phan
/All/Stand-Up/Dat_Phan/Dat_Phan.txt

Dave Attell
/All/Stand-Up/Dave_Attell/Dave_Attell.txt

David Feldman
/All/Stand-Up/David_Feldman/David_Feldman.txt

Demetri Martin
/All/Stand-Up/Demetri_Martin/Demetri_Martin.txt

Deon Cole
/All/Stand-Up/Deon_Cole/Deon_Cole.txt

DeRay
/All/Stand-Up/DeRay/DeRay.txt

Dom Irrera
/All/Stand-Up/Dom_Irrera/Dom_Irrera.txt

Doug Benson
/All/Stand-Up/Doug_Benson/Doug_Benson.txt

Doug Stanhope
/All/Stand-Up/Doug_Stanhope/Doug_Stanhope.txt

Dov Davidoff
/All/Stand-Up/Dov_Davidoff/Dov_Davidoff.txt

Drew Fraser
/All/Stand-Up/Drew_Fraser/Drew_Fraser.txt

Dwayne Kennedy
/All/Stand-Up/Dwayne_Kennedy/Dwayne_Kennedy.txt

Dwayne Perkins
/All/Stand-Up/Dwayne_Perkins/Dwayne_Perkins.txt

Earthquake
/All/Stand-Up/Earthquake/Earthquake.txt

Eddie Brill
/All/Stand-Up/Eddie_Brill/Eddie_Brill.txt

Eddie Gossling
/All/Stand-Up/Eddie_Gossling/Eddie_Gossling.txt

Elvira Kurt
/All/Stand-Up/Elvira_Kurt/Elvira_Kurt.txt

Finesse Mitchell
/All/Stand-Up/Finesse_Mitchell/Finesse_Mitchell.txt

Frank Caliendo
/All/Stand-Up/Frank_Caliendo/Frank_Caliendo.txt

Freddy Soto
/All/Stand-Up/Freddy_Soto/Freddy_Soto.txt

Gabriel Iglesias
/All/Stand-Up/Gabriel_Iglesias/Gabriel_Iglesias.txt

Gary Valentine
/All/Stand-Up/Gary_Valentine/Gary_Valentine.txt

Gene Pompa
/All/Stand-Up/Gene_Pompa/Gene_Pompa.txt

Gilbert Gottfried
/All/Stand-Up/Gilbert_Gottfried/Gilbert_Gottfried.txt

Godfrey
/All/Stand-Up/Godfrey/Godfrey.txt

Greg Behrendt
/All/Stand-Up/Greg_Behrendt/Greg_Behrendt.txt

Greg Fitzsimmons
/All/Stand-Up/Greg_Fitzsimmons/Greg_Fitzsimmons.txt

Greg Giraldo
/All/Stand-Up/Greg_Giraldo/Greg_Giraldo.txt

Greg Proops
/All/Stand-Up/Greg_Proops/Greg_Proops.txt

Gregg Rogell
/All/Stand-Up/Gregg_Rogell/Gregg_Rogell.txt

Harland Williams
/All/Stand-Up/Harland_Williams/Harland_Williams.txt

Henry Phillips
/All/Stand-Up/Henry_Phillips/Henry_Phillips.txt

Howard Kremer
/All/Stand-Up/Howard_Kremer/Howard_Kremer.txt

Hugh Fink
/All/Stand-Up/Hugh_Fink/Hugh_Fink.txt

Ian Bagg
/All/Stand-Up/Ian_Bagg/Ian_Bagg.txt

Jack Coen
/All/Stand-Up/Jack_Coen/Jack_Coen.txt

Jackie Kashian
/All/Stand-Up/Jackie_Kashian/Jackie_Kashian.txt

Jake Johannsen
/All/Stand-Up/Jake_Johannsen/Jake_Johannsen.txt

Jeff Cesario
/All/Stand-Up/Jeff_Cesario/Jeff_Cesario.txt

Jeff Dunham
/All/Stand-Up/Jeff_Dunham/Jeff_Dunham.txt

Jeff Garcia
/All/Stand-Up/Jeff_Garcia/Jeff_Garcia.txt

Jeff Stilson
/All/Stand-Up/Jeff_Stilson/Jeff_Stilson.txt

Jeremy Hotz
/All/Stand-Up/Jeremy_Hotz/Jeremy_Hotz.txt

Jim David
/All/Stand-Up/Jim_David/Jim_David.txt

Jim Gaffigan
/All/Stand-Up/Jim_Gaffigan/Jim_Gaffigan.txt

Jimmy Carr
/All/Stand-Up/Jimmy_Carr/Jimmy_Carr.txt

Jimmy Dore
/All/Stand-Up/Jimmy_Dore/Jimmy_Dore.txt

Jimmy Pardo
/All/Stand-Up/Jimmy_Pardo/Jimmy_Pardo.txt

Jimmy Shubert
/All/Stand-Up/Jimmy_Shubert/Jimmy_Shubert.txt

Jo Koy
/All/Stand-Up/Jo_Koy/Jo_Koy.txt

Joey Kola
/All/Stand-Up/Joey_Kola/Joey_Kola.txt

John Caparulo
/All/Stand-Up/John_Caparulo/John_Caparulo.txt

John Heffron
/All/Stand-Up/John_Heffron/John_Heffron.txt

Johnny Sanchez
/All/Stand-Up/Johnny_Sanchez/Johnny_Sanchez.txt

Jon Reep
/All/Stand-Up/Jon_Reep/Jon_Reep.txt

Josh Sneed
/All/Stand-Up/Josh_Sneed/Josh_Sneed.txt

Judy Gold
/All/Stand-Up/Judy_Gold/Judy_Gold.txt

Kathleen Madigan
/All/Stand-Up/Kathleen_Madigan/Kathleen_Madigan.txt

Keith Robinson
/All/Stand-Up/Keith_Robinson/Keith_Robinson.txt

Kevin Brennan
/All/Stand-Up/Kevin_Brennan/Kevin_Brennan.txt

Kevin Hart
/All/Stand-Up/Kevin_Hart/Kevin_Hart.txt

Kevin Meaney
/All/Stand-Up/Kevin_Meaney/Kevin_Meaney.txt

Kevin Nealon
/All/Stand-Up/Kevin_Nealon/Kevin_Nealon.txt

Kyle Cease
/All/Stand-Up/Kyle_Cease/Kyle_Cease.txt

Kyle Dunnigan
/All/Stand-Up/Kyle_Dunnigan/Kyle_Dunnigan.txt

Kyle Grooms
/All/Stand-Up/Kyle_Grooms/Kyle_Grooms.txt

Laura Kightlinger
/All/Stand-Up/Laura_Kightlinger/Laura_Kightlinger.txt

Lenny Clarke
/All/Stand-Up/Lenny_Clarke/Lenny_Clarke.txt

Lewis Black
/All/Stand-Up/Lewis_Black/Lewis_Black.txt

Lisa Landry
/All/Stand-Up/Lisa_Landry/Lisa_Landry.txt

Lizz Winstead
/All/Stand-Up/Lizz_Winstead/Lizz_Winstead.txt

Loni Love
/All/Stand-Up/Loni_Love/Loni_Love.txt

Louis Ramey
/All/Stand-Up/Louis_Ramey/Louis_Ramey.txt

Lynne Koplitz
/All/Stand-Up/Lynne_Koplitz/Lynne_Koplitz.txt

Marc Maron
/All/Stand-Up/Marc_Maron/Marc_Maron.txt

Margaret Smith
/All/Stand-Up/Margaret_Smith/Margaret_Smith.txt

Maria Bamford
/All/Stand-Up/Maria_Bamford/Maria_Bamford.txt

Mario Cantone
/All/Stand-Up/Mario_Cantone/Mario_Cantone.txt

Mark Curry
/All/Stand-Up/Mark_Curry/Mark_Curry.txt

Megan Mooney
/All/Stand-Up/Megan_Mooney/Megan_Mooney.txt

Mike Birbiglia
/All/Stand-Up/Mike_Birbiglia/Mike_Birbiglia.txt

Mike Britt
/All/Stand-Up/Mike_Britt/Mike_Britt.txt

Mitch Fatel
/All/Stand-Up/Mitch_Fatel/Mitch_Fatel.txt

Mitch Hedberg
/All/Stand-Up/Mitch_Hedberg/Mitch_Hedberg.txt

Nick DiPaolo
/All/Stand-Up/Nick_DiPaolo/Nick_DiPaolo.txt

Nick Swardson
/All/Stand-Up/Nick_Swardson/Nick_Swardson.txt

Otis Lee Crenshaw
/All/Stand-Up/Otis_Lee_Crenshaw/Otis_Lee_Crenshaw.txt

Pablo Francisco
/All/Stand-Up/Pablo_Francisco/Pablo_Francisco.txt

Patrice O'Neal
/All/Stand-Up/Patrice_O'Neal/Patrice_O'Neal.txt

Patrick Dixon
/All/Stand-Up/Patrick_Dixon/Patrick_Dixon.txt

Patton Oswalt
/All/Stand-Up/Patton_Oswalt/Patton_Oswalt.txt

Paul Gilmartin
/All/Stand-Up/Paul_Gilmartin/Paul_Gilmartin.txt

Paul Mecurio
/All/Stand-Up/Paul_Mecurio/Paul_Mecurio.txt

performer_name
/All/Stand-Up/performer_name/performer_name.txt

Peter Berman
/All/Stand-Up/Peter_Berman/Peter_Berman.txt

Ralph Harris
/All/Stand-Up/Ralph_Harris/Ralph_Harris.txt

Reggie McFadden
/All/Stand-Up/Reggie_McFadden/Reggie_McFadden.txt

Reno Collier
/All/Stand-Up/Reno_Collier/Reno_Collier.txt

René Hicks
/All/Stand-Up/René_Hicks/René_Hicks.txt

Retta
/All/Stand-Up/Retta/Retta.txt

Rich Vos
/All/Stand-Up/Rich_Vos/Rich_Vos.txt

Richard Jeni
/All/Stand-Up/Richard_Jeni/Richard_Jeni.txt

Rickey Smiley
/All/Stand-Up/Rickey_Smiley/Rickey_Smiley.txt

Robert Hawkins
/All/Stand-Up/Robert_Hawkins/Robert_Hawkins.txt

Rocky LaPorte
/All/Stand-Up/Rocky_LaPorte/Rocky_LaPorte.txt

Rod Man
/All/Stand-Up/Rod_Man/Rod_Man.txt

Ron White
/All/Stand-Up/Ron_White/Ron_White.txt

Rudy Rush
/All/Stand-Up/Rudy_Rush/Rudy_Rush.txt

Russ Meneve
/All/Stand-Up/Russ_Meneve/Russ_Meneve.txt

Sabrina Matthews
/All/Stand-Up/Sabrina_Matthews/Sabrina_Matthews.txt

Scott Kennedy
/All/Stand-Up/Scott_Kennedy/Scott_Kennedy.txt

Seán Cullen
/All/Stand-Up/Seán_Cullen/Seán_Cullen.txt

Sheryl Underwood
/All/Stand-Up/Sheryl_Underwood/Sheryl_Underwood.txt

Slovin & Allen
/All/Stand-Up/Slovin_&_Allen/Slovin_&_Allen.txt

Stella
/All/Stand-Up/Stella/Stella.txt

Stephen Lynch
/All/Stand-Up/Stephen_Lynch/Stephen_Lynch.txt

Steve Byrne
/All/Stand-Up/Steve_Byrne/Steve_Byrne.txt

Steve Marmel
/All/Stand-Up/Steve_Marmel/Steve_Marmel.txt

Steve McGrew
/All/Stand-Up/Steve_McGrew/Steve_McGrew.txt

Sue Murphy
/All/Stand-Up/Sue_Murphy/Sue_Murphy.txt

Tammy Pescatelli
/All/Stand-Up/Tammy_Pescatelli/Tammy_Pescatelli.txt

Ted Alexandro
/All/Stand-Up/Ted_Alexandro/Ted_Alexandro.txt

Tess
/All/Stand-Up/Tess/Tess.txt

The Amazing Johnathan
/All/Stand-Up/The_Amazing_Johnathan/The_Amazing_Johnathan.txt

The Sklar Brothers
/All/Stand-Up/The_Sklar_Brothers/The_Sklar_Brothers.txt

Tig
/All/Stand-Up/Tig/Tig.txt

Todd Barry
/All/Stand-Up/Todd_Barry/Todd_Barry.txt

Todd Glass
/All/Stand-Up/Todd_Glass/Todd_Glass.txt

Todd Lynn
/All/Stand-Up/Todd_Lynn/Todd_Lynn.txt

Tom Cotter
/All/Stand-Up/Tom_Cotter/Tom_Cotter.txt

Tom Papa
/All/Stand-Up/Tom_Papa/Tom_Papa.txt

Tom Rhodes
/All/Stand-Up/Tom_Rhodes/Tom_Rhodes.txt

Tom Shillue
/All/Stand-Up/Tom_Shillue/Tom_Shillue.txt

Tony Woods
/All/Stand-Up/Tony_Woods/Tony_Woods.txt

Tracy Smith
/All/Stand-Up/Tracy_Smith/Tracy_Smith.txt

Ty Barnett
/All/Stand-Up/Ty_Barnett/Ty_Barnett.txt

Vanessa Hollingshead
/All/Stand-Up/Vanessa_Hollingshead/Vanessa_Hollingshead.txt

Vic Henley
/All/Stand-Up/Vic_Henley/Vic_Henley.txt

Victoria Jackson
/All/Stand-Up/Victoria_Jackson/Victoria_Jackson.txt

Vince Morris
/All/Stand-Up/Vince_Morris/Vince_Morris.txt

Wanda Sykes
/All/Stand-Up/Wanda_Sykes/Wanda_Sykes.txt

Wayne Federman
/All/Stand-Up/Wayne_Federman/Wayne_Federman.txt

Zach Galifianakis
/All/Stand-Up/Zach_Galifianakis/Zach_Galifianakis.txt
Stand-Up