

/All/Coding/PHP/Dave_Hollingworth/##_All_Videos/##_All_Videos.txt


/All/Coding/PHP/Dave_Hollingworth/###_All_Playlists_Below/###_All_Playlists_Below.txt


/All/Coding/PHP/Dave_Hollingworth/APIs/APIs.txt


/All/Coding/PHP/Dave_Hollingworth/Composer_-_The_Dependency_Manager_for_PH/Composer_-_The_Dependency_Manager_for_PH.txt


/All/Coding/PHP/Dave_Hollingworth/Form_methods_and_redirects_in_PHP/Form_methods_and_redirects_in_PHP.txt


/All/Coding/PHP/Dave_Hollingworth/.htaccess_files/.htaccess_files.txt


/All/Coding/PHP/Dave_Hollingworth/PHP_namespaces_mini-course/PHP_namespaces_mini-course.txt


/All/Coding/PHP/Dave_Hollingworth/PHP_refactoring/PHP_refactoring.txt


/All/Coding/PHP/Dave_Hollingworth/PHP_Sessions/PHP_Sessions.txt


/All/Coding/PHP/Dave_Hollingworth/phpMyAdmin/phpMyAdmin.txt


/All/Coding/PHP/Dave_Hollingworth/Regular_Expressions_in_PHP/Regular_Expressions_in_PHP.txt


/All/Coding/PHP/Dave_Hollingworth/Remembering_the_login_using_PHP_and_cook/Remembering_the_login_using_PHP_and_cook.txt


/All/Coding/PHP/Dave_Hollingworth/SQL_Injection_in_PHP/SQL_Injection_in_PHP.txt


/All/Coding/PHP/Dave_Hollingworth/Unit_testing_static_methods_in_PHP_with_/Unit_testing_static_methods_in_PHP_with_.txt


/All/Coding/PHP/Dave_Hollingworth/Unit_testing_with_PHPUnit/Unit_testing_with_PHPUnit.txt


/All/Coding/PHP/Dave_Hollingworth/Usernames_and_passwords_in_PHP/Usernames_and_passwords_in_PHP.txt


/All/Coding/PHP/Dave_Hollingworth/Using_gettext_with_PHP/Using_gettext_with_PHP.txt


/All/Coding/PHP/Dave_Hollingworth/Using_Mockery_for_PHP_unit_testing/Using_Mockery_for_PHP_unit_testing.txt


/All/Coding/PHP/Dave_Hollingworth/Virtual_hosts/Virtual_hosts.txt


/All/Coding/PHP/Dave_Hollingworth/Web_addresses/Web_addresses.txt
Dave Hollingworth